State,County,population,current_reported_cases,acute_beds,icu_beds,acute_util,icu_util
Alabama,Autauga County,55200,4,44,6,0.608789753181818,1.89373014333333
Alabama,Baldwin County,208107,4,95,10,1.21810646757895,5.437977558
Alabama,Blount County,57645,1,19,6,1.59426656263158,2.308595885
Alabama,Calhoun County,115098,2,65,18,0.919995743230769,1.48107537166667
Alabama,Chilton County,43930,1,30,6,0.736531036333333,1.59704815166667
Alabama,Colbert County,54495,1,86,22,0.350528212790698,0.657264713636364
Alabama,Cullman County,82313,4,113,12,0.386527289734513,1.69164802166667
Alabama,Dallas County,40029,2,94,18,0.21924515212766,0.497598094444444
Alabama,Etowah County,102939,3,140,40,0.393618782857143,0.63183026
Alabama,Houston County,104352,2,105,18,0.510656641904762,1.33807458888889
Alabama,Jefferson County,659892,129,1578,479,0.205263899100127,0.2935143365762
Alabama,Lauderdale County,92585,7,143,36,0.348300027412587,0.685025724444444
Alabama,Lee County,159287,40,226,28,0.293983930663717,0.883555416785715
Alabama,Limestone County,93052,6,47,10,0.992973926382979,1.940051546
Alabama,Madison County,357560,35,558,134,0.317301036845878,0.554438742089552
Alabama,Marion County,29965,3,32,4,0.534448518125,2.056606855
Alabama,Marshall County,95145,1,152,20,0.316612095394737,1.074587575
Alabama,Mobile County,414659,10,248,77,0.825620001935484,1.14382064311688
Alabama,Montgomery County,226941,13,456,98,0.235849338289474,0.460388997346939
Alabama,Russell County,58213,1,27,8,1.01163449740741,1.39377732125
Alabama,Shelby County,211261,42,138,32,0.756534619275362,1.300082891875
Alabama,St. Clair County,87306,6,34,6,1.31725500088235,3.142299995
Alabama,Tallapoosa County,40636,4,25,6,0.9261718884,1.88135379833333
Alabama,Tuscaloosa County,206213,15,337,72,0.267895072670623,0.511413340416667
Alabama,Walker County,64493,9,80,12,0.438298441625,1.36300955583333
Alaska,Anchorage Municipality,296112,28,253,96,0.500989530197628,0.452623217291667
Alaska,Fairbanks North Star Borough,99653,11,57,13,0.701563739122807,0.980199759230769
Alaska,Kenai Peninsula Borough,58220,5,30,6,1.02892931,2.05641845
Alaska,Ketchikan Gateway Borough,13804,11,16,4,0.44569571625,0.694424635
Arizona,Cochise County,126279,1,108,12,0.64323873537037,2.895689715
Arizona,Coconino County,140217,23,171,44,0.347647048128655,0.513399199318182
Arizona,Graham County,37879,2,36,6,0.454413806666667,1.17124716
Arizona,Maricopa County,4253913,251,4298,950,0.46303440242671,0.899744756178947
Arizona,Navajo County,108705,37,77,12,0.698058058051948,2.03523996083333
Arizona,Pima County,1019722,49,1579,334,0.332239876649778,0.766143816676647
Arizona,Pinal County,419721,23,125,34,1.75900666872,3.01113489441176
Arizona,Santa Cruz County,46584,1,16,2,1.4228433425,5.38963826
Arizona,Yavapai County,224645,4,209,39,0.735124908660287,2.18328548948718
Arizona,Yuma County,207829,3,296,42,0.331811970135135,1.19789397238095
Arkansas,Benton County,258980,18,177,30,0.651485744519774,1.58265044066667
Arkansas,Boone County,37288,2,69,12,0.295943493913043,0.84404991
Arkansas,Clark County,22385,13,17,4,0.611207073529412,1.2618124375
Arkansas,Columbia County,23892,2,24,6,0.482861914166667,0.950137343333333
Arkansas,Craighead County,105701,2,379,68,0.123494628575198,0.290682437794118
Arkansas,Crawford County,62472,1,36,3,0.870651364444445,4.58866696
Arkansas,Drew County,18502,1,34,7,0.265729335588235,0.616708941428572
Arkansas,Faulkner County,122416,23,184,25,0.28416608125,0.826673642
Arkansas,Garland County,98296,18,319,49,0.178959470752351,0.611752016938776
Arkansas,Greene County,44623,2,82,10,0.265249398048781,0.915376936
Arkansas,Hempstead County,22018,3,59,8,0.191522051694915,0.67718861875
Arkansas,Hot Spring County,33520,2,42,6,0.432183212142857,1.380792515
Arkansas,Independence County,37264,3,136,25,0.139020307647059,0.3600395264
Arkansas,Jefferson County,70424,22,139,34,0.256407282086331,0.470100523235294
Arkansas,Polk County,20163,2,25,6,0.4597527376,0.98301026
Arkansas,Pulaski County,393463,79,1267,496,0.149634450292028,0.161789559435484
Arkansas,Saline County,118009,3,60,16,1.01126189066667,1.68482416
Arkansas,Sebastian County,127461,2,415,72,0.150250674337349,0.370913474305556
Arkansas,Union County,39732,2,40,16,0.52003979575,0.593575510625
Arkansas,Washington County,228529,10,435,61,0.21505861416092,0.595520866229508
Arkansas,White County,78804,3,283,14,0.134103174310954,1.22365154785714
California,Alameda County,1643700,135,898,170,0.869794463396436,1.83679783452941
California,Butte County,227075,4,290,43,0.396124767103448,1.27899040790698
California,Calaveras County,45235,2,25,6,1.2164777956,2.64677251833333
California,Contra Costa County,1133247,108,698,142,0.812203284312321,1.69632603908451
California,El Dorado County,186661,3,118,28,0.92754419,1.77558877071429
California,Fresno County,978130,19,859,221,0.47160958798603,0.747478705520362
California,Humboldt County,135768,5,126,24,0.552179391111111,1.28146986333333
California,Imperial County,180216,9,48,8,1.57521378041667,3.9980873175
California,Kern County,883053,23,672,133,0.530213206815476,1.00822048887218
California,Los Angeles County,10098052,799,8967,1828,0.51922550529274,1.04160103612691
California,Madera County,155013,7,73,10,0.942383226438356,2.916877447
California,Marin County,260295,60,296,34,0.521504323851351,2.16967882764706
California,Mendocino County,87422,2,52,10,0.950610722115385,2.314788245
California,Merced County,269075,2,164,24,0.656915642743902,1.75547019125
California,Mono County,14174,4,13,2,0.581795307692308,1.2681005
California,Monterey County,433212,24,355,43,0.534689566084507,1.86137125674419
California,Napa County,140530,3,156,66,0.476625533974359,0.534766616666667
California,Orange County,3164182,187,2403,441,0.631474020008323,1.44778750548753
California,Placer County,380077,30,146,20,1.40317926321918,4.8917153785
California,Riverside County,2383286,107,1584,280,0.684977164046717,1.65484997196429
California,Sacramento County,1510023,113,1090,236,0.64472507680734,1.23290629779661
California,San Benito County,59416,9,33,8,0.816589658181818,1.31173141
California,San Bernardino County,2135413,54,1738,369,0.520811898964327,0.914258156097561
California,San Diego County,3302833,297,2524,505,0.60300972110935,1.2594125820198
California,San Francisco County,870044,178,771,215,0.567538492101167,0.885437360883721
California,San Joaquin County,732212,71,170,34,1.88060902617647,3.783939575
California,San Luis Obispo County,281455,46,163,27,0.913523545337423,2.63410267074074
California,San Mateo County,765935,165,561,89,0.691867957219251,1.90557647191011
California,Santa Barbara County,443738,26,171,48,1.17258796467836,1.9329320425
California,Santa Clara County,1922200,459,1318,266,0.678905549165402,1.36363276766917
California,Santa Cruz County,273765,25,68,6,1.99133985441176,9.36302165
California,Shasta County,179085,3,289,50,0.342630250761246,0.9690087506
California,Siskiyou County,43540,3,25,4,1.0806945816,3.411001365
California,Solano County,438530,31,314,70,0.692389044745223,1.296300285
California,Sonoma County,501317,39,378,56,0.72204456941799,2.22136487071429
California,Stanislaus County,539301,12,360,54,0.657808263694444,1.78876176055556
California,Tulare County,460477,18,336,29,0.543886863125,2.5056028962069
California,Ventura County,848112,50,143,53,2.8782440965035,3.32909366415094
California,Yolo County,214977,11,51,8,1.74893210098039,4.62010535625
California,Yuba County,75493,5,175,24,0.184681554742857,0.528268663333333
Colorado,Adams County,497115,38,494,161,0.417249880607288,0.446628813540373
Colorado,Arapahoe County,636671,88,409,112,0.72133117207824,1.00232170196429
Colorado,Boulder County,321030,51,292,65,0.516887264417808,0.925002750615385
Colorado,Broomfield County,66120,8,68,20,0.455237398088235,0.5959103465
Colorado,Chaffee County,19164,3,19,2,0.654102877894737,3.12610766
Colorado,Delta County,30346,1,37,6,0.502596718378378,1.65050357
Colorado,Denver County,693417,214,918,201,0.327826827407407,0.565549514626866
Colorado,Douglas County,328614,58,312,58,0.48422310948718,0.892776031724138
Colorado,Eagle County,54357,120,38,5,0.650775804210527,1.469307888
Colorado,El Paso County,688153,122,535,91,0.568684878878505,1.30250527252747
Colorado,Fremont County,47002,1,17,4,1.62581862705882,3.212400835
Colorado,Garfield County,58538,13,32,7,0.851722990625,1.41248061428571
Colorado,Jefferson County,570427,93,295,102,1.0139358760339,1.22928271147059
Colorado,La Plata County,55101,1,48,22,0.607692153125,0.535423029545455
Colorado,Larimer County,338161,45,266,59,0.608064936315789,1.15652994813559
Colorado,Logan County,21689,2,18,4,0.609201268888889,1.34534679
Colorado,Mesa County,149998,5,216,32,0.361617232731481,1.1632724290625
Colorado,Montrose County,41268,4,27,8,0.895750098518519,1.5172821675
Colorado,Morgan County,28257,3,36,6,0.3737757,1.0430808
Colorado,Pueblo County,164685,3,281,49,0.302957467793594,0.823867174489796
Colorado,Routt County,24874,6,20,4,0.648671386,1.16127307
Colorado,Summit County,30429,9,18,8,0.855550023333333,0.6418111975
Colorado,Weld County,295123,87,143,16,0.903519209090909,3.04369769375
Connecticut,Fairfield County,944348,546,992,117,0.481339931703629,1.8059801517094
Connecticut,Hartford County,894730,116,996,145,0.463808575853414,1.47033240310345
Connecticut,Litchfield County,183031,33,74,15,1.46984084135135,3.421852516
Connecticut,Middlesex County,163368,15,157,24,0.595257381528663,1.83190962916667
Connecticut,New Haven County,859339,127,1203,183,0.369379513092269,1.11922134289617
Connecticut,New London County,268881,9,282,32,0.510338508049645,2.0410590853125
Connecticut,Windham County,116538,2,22,8,2.77118437681818,3.32014046375
Delaware,Kent County,174822,14,192,35,0.450534379010417,1.089967978
Delaware,New Castle County,555133,79,691,95,0.397065787149059,1.21096653768421
Delaware,Sussex County,219540,26,179,34,0.780279881731844,2.11499532852941
District of Columbia,District of Columbia,684498,231,1183,259,0.253036268605241,0.456855035675676
Florida,Alachua County,263148,46,889,254,0.128580997007874,0.190312219133858
Florida,Bay County,182482,3,126,12,0.746669312619048,3.4733272175
Florida,Brevard County,576808,12,636,146,0.546966073899371,1.25087655479452
Florida,Broward County,1909151,412,1995,443,0.489536539598998,0.986343258465011
Florida,Charlotte County,176954,3,521,64,0.259840215259117,1.37498762265625
Florida,Citrus County,143087,9,171,24,0.610777486491228,2.69152790875
Florida,Clay County,207291,16,335,36,0.311560413253731,1.16180032111111
Florida,Collier County,363922,57,708,70,0.335126943347458,2.09750263014286
Florida,DeSoto County,36399,4,40,5,0.49676736175,2.024205106
Florida,Duval County,924229,60,1743,442,0.250369691440046,0.397549633076923
Florida,Escambia County,311522,17,474,44,0.328550555042194,1.58733833886364
Florida,Flagler County,107139,6,81,18,0.88065038,2.22005384555556
Florida,Hernando County,182696,8,240,36,0.480387956041667,1.8282572375
Florida,Highlands County,102101,5,192,38,0.361264907135417,1.21434389026316
Florida,Hillsborough County,1378883,123,2048,435,0.318466668959961,0.616485728666667
Florida,Indian River County,150984,12,112,14,0.9069785225,4.56200182
Florida,Jackson County,48472,1,29,26,0.908096096206896,0.472794738846154
Florida,Lake County,335362,22,770,158,0.267167574493507,0.72909511164557
Florida,Lee County,718679,52,1054,141,0.429079343036053,1.81774739319149
Florida,Leon County,288102,8,239,40,0.513874281087866,1.2357834205
Florida,Manatee County,373853,26,176,31,1.32154313721591,4.20933638225807
Florida,Marion County,348371,5,173,46,1.27174251913295,2.77704400413043
Florida,Martin County,157581,7,397,52,0.263333190025189,1.25340391461538
Florida,Miami-Dade County,2715516,491,3075,608,0.443725287147967,1.00963955924342
Florida,Monroe County,76325,11,21,4,2.25232694619048,5.3812535325
Florida,Nassau County,80578,4,40,8,1.19132939475,2.72353427625
Florida,Okaloosa County,200737,18,139,24,0.709176761294964,1.80709709083333
Florida,Orange County,1321194,89,1685,453,0.34511942758457,0.483056190993378
Florida,Osceola County,338619,39,233,116,0.658817713776824,0.517685626637931
Florida,Palm Beach County,1446277,141,1962,311,0.422322690942915,1.51493852209003
Florida,Pasco County,510593,18,724,178,0.407132028839779,0.859590231011236
Florida,Pinellas County,957875,54,1516,296,0.388874532862797,1.06349029790541
Florida,Polk County,668671,15,1079,159,0.330445201890639,1.11450237207547
Florida,Putnam County,72766,5,82,10,0.519239170853659,2.194762799
Florida,Santa Rosa County,170442,8,133,8,0.657136213458647,4.45652920125
Florida,Sarasota County,412144,32,584,94,0.504274960924658,2.04195960446809
Florida,St. Johns County,235503,28,130,24,1.01323383269231,2.47951590625
Florida,Volusia County,527634,28,661,318,0.480212878396369,0.529080966603774
Florida,Walton County,65858,13,91,12,0.414701789010989,1.40545393333333
Georgia,Barrow County,76887,2,24,6,1.43134498833333,2.12562838
Georgia,Bibb County,153490,6,389,34,0.188222936863753,0.950333163529412
Georgia,Camden County,52714,1,23,5,1.00096106695652,1.706445092
Georgia,Carroll County,116022,50,117,18,0.447086702905983,1.17727809777778
Georgia,Chatham County,287049,7,237,58,0.566993528691983,0.991503512068966
Georgia,Cherokee County,241910,36,85,15,1.362261396,2.83759142266667
Georgia,Clarke County,124602,21,290,54,0.161138081103448,0.332122527407407
Georgia,Cobb County,745057,109,680,111,0.498238034602941,1.10367149972973
Georgia,Coffee County,42961,2,46,10,0.436081424347826,0.779222448
Georgia,Colquitt County,45606,2,65,10,0.329150272461538,0.900584229
Georgia,Coweta County,140516,10,37,5,1.83038345702703,5.115738418
Georgia,Crisp County,22846,3,49,16,0.241090742653061,0.333870225625
Georgia,DeKalb County,743187,125,739,168,0.452351324912043,0.732418041011905
Georgia,Dodge County,20919,1,17,4,0.651917101176471,1.21764232
Georgia,Dougherty County,91049,123,287,38,0.147833143449477,0.493190995526316
Georgia,Douglas County,141840,18,86,16,0.738706624069768,1.379946895625
Georgia,Fayette County,111369,12,163,14,0.372129731779141,1.83892812285714
Georgia,Floyd County,96824,14,172,26,0.279357944593023,0.842975520384616
Georgia,Forsyth County,219880,10,256,24,0.388650907265625,1.4775915725
Georgia,Fulton County,1021902,204,2114,457,0.213684832535478,0.36195510726477
Georgia,Glynn County,83974,5,196,24,0.230989109387755,0.876763106666667
Georgia,Gordon County,56790,9,36,10,0.761011514722222,1.131083547
Georgia,Gwinnett County,902298,69,322,56,1.1922028902795,2.21378748803571
Georgia,Hall County,195961,19,382,85,0.23975503460733,0.453785726823529
Georgia,Henry County,221307,20,152,40,0.6537853025,0.8741683505
Georgia,Houston County,151682,6,195,36,0.352133894358974,0.741261405555556
Georgia,Lowndes County,114582,12,117,38,0.398986902478633,0.492004537105263
Georgia,Muscogee County,196670,4,570,83,0.15271519722807,0.432987320240964
Georgia,Newton County,106497,8,71,10,0.678757092253521,1.850098645
Georgia,Paulding County,155840,6,100,8,0.6756001835,2.81645270625
Georgia,Pickens County,30832,4,39,6,0.462547885128205,1.31715208
Georgia,Richmond County,201463,10,557,142,0.165539557163375,0.268016032816901
Georgia,Spalding County,64719,10,103,16,0.321080059320388,0.920353993125
Georgia,Thomas County,44730,5,122,18,0.191513575819672,0.568692986111111
Georgia,Tift County,40510,7,119,20,0.157185853445378,0.404797172
Georgia,Troup County,69774,1,77,12,0.428166499220779,1.14698829666667
Georgia,Whitfield County,103849,1,145,22,0.327037243172414,0.88604317
Hawaii,Hawaii County,197658,5,104,13,1.05994695163462,3.94587669461539
Hawaii,Honolulu County,987638,68,928,163,0.524772216174569,1.44487726006135
Hawaii,Kauai County,71377,1,52,7,0.753278445384615,2.57352154857143
Hawaii,Maui County,165281,13,166,24,0.527555905180723,1.5901358225
Idaho,Ada County,446052,37,553,113,0.376826666473779,0.739229233982301
Idaho,Bannock County,85065,3,48,32,0.782931473541667,0.4851109146875
Idaho,Canyon County,212230,8,166,41,0.555109229638554,0.931721655609756
Idaho,Cassia County,23615,1,12,6,0.840102508333333,0.757319983333333
Idaho,Kootenai County,153605,9,142,26,0.572432069577465,1.42637215846154
Idaho,Madison County,38705,2,23,4,0.452511665652174,0.9127179225
Idaho,Nez Perce County,40155,1,54,9,0.396008345740741,1.20152548111111
Idaho,Twin Falls County,83666,1,103,30,0.373680725825243,0.580254841333333
Illinois,Adams County,66427,1,176,25,0.202793895397727,0.7285321764
Illinois,Champaign County,209448,4,316,53,0.273195891392405,0.681895628679245
Illinois,Christian County,33231,1,43,3,0.424923261395349,2.98613658666667
Illinois,Cook County,5223719,1418,7059,1419,0.350075509507012,0.738783212396054
Illinois,DeKalb County,104200,1,85,16,0.514157197764706,1.129816761875
Illinois,DuPage County,931743,131,1293,245,0.359921611276102,0.795561741306123
Illinois,Grundy County,50509,1,65,12,0.36648217,0.795931579166667
Illinois,Jackson County,58551,1,116,21,0.223474026896552,0.562611089523809
Illinois,Kane County,530839,38,541,81,0.453625844510166,1.19270442123457
Illinois,Kankakee County,111061,6,243,57,0.224503494238683,0.437848963157895
Illinois,Lake County,703619,139,491,83,0.688210292423625,1.63749417373494
Illinois,LaSalle County,110401,3,107,13,0.55464478728972,2.23419675076923
Illinois,Livingston County,36324,1,33,5,0.59469138969697,1.911214828
Illinois,Madison County,265670,3,326,113,0.422517047147239,0.555214359557522
Illinois,McHenry County,307789,19,205,31,0.749285451707317,1.91704427096774
Illinois,McLean County,173219,7,189,26,0.397523813544974,1.19866112461538
Illinois,Morgan County,34426,1,63,9,0.294349525714286,1.03544776444444
Illinois,Peoria County,184463,4,522,99,0.173824425517241,0.420368483636364
Illinois,Rock Island County,145275,3,301,26,0.253423532591362,1.42281448807692
Illinois,Sangamon County,197661,5,509,84,0.201786053339882,0.549379748214286
Illinois,St. Clair County,263463,7,319,34,0.409637889874608,1.67946420970588
Illinois,Stephenson County,45433,1,78,8,0.335815263846154,1.6982724275
Illinois,Whiteside County,56396,1,98,8,0.318321637142857,1.970429945
Illinois,Will County,688697,40,575,88,0.555543456330435,1.37766343875
Illinois,Williamson County,67299,1,77,8,0.466752405454546,2.0905180975
Illinois,Winnebago County,286174,7,530,81,0.276419728830189,0.831512144691358
Indiana,Adams County,35195,1,21,4,0.75579158,1.889506705
Indiana,Allen County,370016,7,663,169,0.25968916586727,0.430892088934911
Indiana,Bartholomew County,81893,5,145,17,0.275978354689655,1.02765285705882
Indiana,Boone County,64321,4,26,8,1.17153173115385,1.52106312375
Indiana,Clark County,115702,6,103,22,0.563717227281554,1.09919525409091
Indiana,Dearborn County,49501,2,43,8,0.611769693023256,1.43277915
Indiana,DeKalb County,42704,1,29,8,0.743543164827586,1.1401747775
Indiana,Delaware County,115616,7,209,36,0.266960779904306,0.741702972222222
Indiana,Dubois County,42418,1,51,26,0.43390733372549,0.389046768461538
Indiana,Elkhart County,203604,5,197,51,0.472230676395939,0.797340720588235
Indiana,Floyd County,76809,6,120,32,0.325809684333333,0.52704524625
Indiana,Gibson County,33596,2,20,4,0.8696437185,1.9645289075
Indiana,Grant County,66944,3,56,19,0.629678372678572,0.907941638421053
Indiana,Hamilton County,316095,30,231,33,0.612657085930736,1.58753706515152
Indiana,Hancock County,73830,8,20,24,1.889883799,0.657086000833333
Indiana,Hendricks County,160940,15,158,28,0.479045594303798,1.07928378928571
Indiana,Howard County,82387,6,23,13,1.92673724913044,1.63165255923077
Indiana,Jackson County,43938,1,68,7,0.323137659852941,1.41725559
Indiana,Jasper County,33449,1,42,4,0.411195140714286,1.9579435225
Indiana,Johnson County,151564,24,55,14,1.31858453018182,2.12112434571429
Indiana,Lake County,486849,19,575,119,0.42392888586087,0.913998828823529
Indiana,LaPorte County,110552,2,63,12,0.922621694920635,2.10123276833333
Indiana,Lawrence County,45619,1,44,6,0.571227555909091,1.98332125666667
Indiana,Madison County,129505,4,174,27,0.389964721609195,1.16495994222222
Indiana,Marion County,944523,226,1850,388,0.226873218248649,0.429039474845361
Indiana,Miami County,35901,1,15,4,1.23464649066667,2.06371066
Indiana,Monroe County,145403,4,142,30,0.421139443943662,0.847659632
Indiana,Montgomery County,38276,1,24,5,0.833636184583333,1.868306314
Indiana,Noble County,47451,1,22,4,1.07431105727273,2.471031685
Indiana,Ripley County,28425,7,14,5,1.06005779071429,1.385780186
Indiana,Shelby County,44399,2,26,8,0.900074252307692,1.25329493
Indiana,St. Joseph County,269240,19,217,82,0.594984459585254,0.715174661829268
Indiana,Sullivan County,20792,1,18,4,0.607172466666667,1.1938889
Indiana,Tippecanoe County,189294,4,221,53,0.333534100271493,0.555651204528302
Indiana,Tipton County,15218,2,19,6,0.453167708947369,0.701848921666667
Indiana,Vanderburgh County,181313,1,661,147,0.137945379334342,0.285023906530612
Indiana,Vigo County,107693,3,141,24,0.366119343049645,0.969065942916667
Indiana,Wells County,27947,1,24,5,0.603544591666667,1.37275596
Iowa,Black Hawk County,133009,4,256,41,0.245904653476562,0.702602651463415
Iowa,Carroll County,20344,1,64,6,0.17033998171875,0.987623528333333
Iowa,Cerro Gordo County,42984,2,114,18,0.213903474210526,0.702807996666667
Iowa,Dubuque County,96802,6,166,18,0.295617027710843,1.3083263
Iowa,Henry County,19926,1,13,2,0.801494413846154,2.48110131
Iowa,Jasper County,36891,1,17,3,1.18206294764706,3.26651996333333
Iowa,Johnson County,147001,43,560,114,0.104768037142857,0.201507449122807
Iowa,Kossuth County,15075,1,18,1,0.484159438333333,4.95490011
Iowa,Linn County,222121,7,286,44,0.376681534440559,1.09804638977273
Iowa,Muscatine County,42950,6,29,5,0.73705631862069,1.965489352
Iowa,Polk County,474274,20,1005,123,0.212885075631841,0.686481699105691
Iowa,Pottawattamie County,93503,2,120,51,0.398665442916667,0.431951310784314
Iowa,Poweshiek County,18605,4,32,6,0.3063246575,0.84756016
Iowa,Scott County,172288,3,295,46,0.288844979016949,0.816608721521739
Iowa,Sioux County,34825,1,64,2,0.24174751140625,3.859009635
Iowa,Story County,96922,2,120,14,0.304604258583333,1.11889206928571
Iowa,Wapello County,35315,1,39,10,0.464937498461539,0.879307756
Iowa,Woodbury County,102398,2,187,31,0.255543257219251,0.679068416129032
Kansas,Butler County,66468,3,72,14,0.44964226875,0.989656903571429
Kansas,Crawford County,39108,1,81,8,0.219737568148148,1.0372596225
Kansas,Douglas County,119319,10,58,10,0.826873992931034,1.919510841
Kansas,Franklin County,25563,1,27,8,0.4792773,0.7064453625
Kansas,Johnson County,585502,44,428,131,0.649268606051402,0.872525928320611
Kansas,Leavenworth County,80042,11,28,10,1.37062204428571,1.521221276
Kansas,Morris County,5566,2,21,2,0.159329911428571,0.94365093
Kansas,Reno County,63101,2,88,13,0.377819924318182,1.30978820461538
Kansas,Sedgwick County,512064,11,645,199,0.366098261209302,0.505779907135679
Kansas,Wyandotte County,164345,27,594,148,0.12008667530303,0.189912668040541
Kentucky,Boone County,129095,2,51,18,1.1809644645098,1.27124012833333
Kentucky,Bourbon County,20144,2,17,4,0.639571065294118,1.3001129725
Kentucky,Calloway County,38776,2,66,10,0.281903185909091,0.869091973
Kentucky,Campbell County,92267,2,61,14,0.755106397868853,1.42357212357143
Kentucky,Daviess County,99937,15,199,34,0.252809456030151,0.670679948529412
Kentucky,Fayette County,318734,21,1097,303,0.129894594329991,0.187446006666667
Kentucky,Hardin County,108095,2,103,20,0.49143724038835,1.008576212
Kentucky,Harrison County,18668,15,20,6,0.5077640005,0.731641665
Kentucky,Henderson County,46137,2,69,12,0.350877152753623,0.910514705
Kentucky,Jefferson County,767154,31,1553,319,0.245319068081133,0.523707953824451
Kentucky,Kenton County,164688,8,168,176,0.470510134285714,0.180371746818182
Kentucky,Logan County,26849,2,24,6,0.590350269166667,1.07989392333333
Kentucky,Madison County,89700,2,61,12,0.658356328360656,1.36077783083333
Kentucky,McCracken County,65284,2,248,32,0.143281556532258,0.545655436875
Kentucky,Montgomery County,27759,2,30,4,0.463299001,1.4552149925
Kentucky,Nelson County,45388,2,12,12,1.88853416,0.76652334
Kentucky,Oldham County,65374,2,26,7,1.20152213269231,1.60884493571429
Kentucky,Warren County,126427,15,273,30,0.201013341025641,0.727116596666667
Louisiana,Avoyelles Parish,40882,5,30,2,0.683616029333333,4.49869456
Louisiana,Beauregard Parish,36769,3,35,6,0.512233954857143,1.32764193
Louisiana,Caddo Parish,248361,93,515,113,0.237808287786408,0.494452316725664
Louisiana,Calcasieu Parish,200182,11,308,74,0.307470778441558,0.546518381621622
Louisiana,East Baton Rouge Parish,444094,75,894,209,0.224088304328859,0.396060506842105
Louisiana,Evangeline Parish,33636,2,12,5,1.3223835325,1.361165522
Louisiana,Iberia Parish,72691,2,90,8,0.386962342555556,1.84268114625
Louisiana,Jefferson Davis Parish,31467,1,37,5,0.420643639189189,1.42647507
Louisiana,Jefferson Parish,435300,359,828,224,0.269826041896135,0.438230434419643
Louisiana,Lafayette Parish,240091,20,446,80,0.243046680717489,0.53102688
Louisiana,Lafourche Parish,98214,18,133,21,0.361147245864662,0.96223410952381
Louisiana,Natchitoches Parish,38963,2,77,8,0.234587797272727,1.01171245125
Louisiana,Orleans Parish,389648,827,325,76,0.577572748923077,0.983359823684211
Louisiana,Ouachita Parish,156075,10,339,64,0.212888593687316,0.4922285428125
Louisiana,Rapides Parish,131546,14,446,75,0.144233211008969,0.381672638533333
Louisiana,St. Bernard Parish,45694,23,32,8,0.615694935,0.87769401
Louisiana,St. Charles Parish,52724,17,31,8,0.816614242580645,1.19865231
Louisiana,St. Landry Parish,83449,4,90,16,0.448238401333333,1.1106977425
Louisiana,St. Mary Parish,51734,5,18,4,1.44712686944444,2.8262065875
Louisiana,St. Tammany Parish,252093,67,412,109,0.315553348883495,0.505205873944954
Louisiana,Tangipahoa Parish,130504,5,216,28,0.280023321296296,0.873035092857143
Louisiana,Terrebonne Parish,112587,15,178,27,0.295507394157303,0.798151623703704
Maine,Androscoggin County,107444,4,88,38,0.640741972045455,0.66404017
Maine,Cumberland County,290944,87,527,78,0.298503236413662,0.896913133461539
Maine,Kennebec County,121545,5,152,26,0.452115860723684,1.22658766038462
Maine,Knox County,39823,1,53,6,0.466282264150943,2.08280333333333
Maine,Penobscot County,151748,4,334,51,0.245395202814371,0.736006318823529
Maine,Waldo County,39418,1,17,4,1.38924511,2.7315632825
Maine,York County,203102,23,120,14,0.97287222525,3.87792592642857
Maryland,Anne Arundel County,567696,31,458,50,0.611755192379913,2.2733074378
Maryland,Baltimore City,614700,53,1994,573,0.143918293781344,0.204133913089005
Maryland,Baltimore County,827625,51,674,104,0.627933316320475,1.86824331538462
Maryland,Calvert County,91082,3,55,4,0.846546328,4.65966549
Maryland,Carroll County,167522,5,87,12,1.02316939643678,3.1878185425
Maryland,Cecil County,102517,4,68,9,0.778132826617647,2.36042642111111
Maryland,Charles County,157671,8,81,10,0.921121295308642,2.713508508
Maryland,Frederick County,248472,7,195,18,0.628998415948718,2.74265327166667
Maryland,Garrett County,29376,3,30,4,0.576090709666667,2.1024021775
Maryland,Harford County,251025,5,53,6,2.45422246622642,9.17032154833333
Maryland,Howard County,315327,30,165,16,0.926712688424242,3.663170400625
Maryland,Montgomery County,1040133,127,744,234,0.691839669045699,0.936432932606838
Maryland,Prince George's County,906202,76,291,42,1.46126141010309,3.76138094428572
Maryland,St. Mary's County,111531,2,67,12,0.779007541044776,1.66670789583333
Maryland,Washington County,149811,2,215,52,0.359849048883721,0.6724964325
Maryland,Wicomico County,102172,4,218,42,0.223726614082569,0.515184479285714
Massachusetts,Barnstable County,213690,51,268,34,0.542211896529851,2.45960005088235
Massachusetts,Berkshire County,127328,71,172,25,0.44174533744186,1.5397044784
Massachusetts,Bristol County,558905,67,483,54,0.602808907598344,2.43901273388889
Massachusetts,Dukes County,17313,3,17,3,0.618766071764706,1.69775892666667
Massachusetts,Essex County,781024,177,475,59,0.851724853368421,3.10527380762712
Massachusetts,Franklin County,70935,14,44,6,0.958969831818182,3.27168956666667
Massachusetts,Hampden County,469116,45,808,91,0.292312627636139,1.1930099656044
Massachusetts,Hampshire County,161159,11,34,6,2.32821446529412,5.90164803
Massachusetts,Middlesex County,1595192,446,1397,190,0.56413825424481,1.78606736221053
Massachusetts,Norfolk County,698249,222,328,31,1.10411683292683,5.33687221935484
Massachusetts,Plymouth County,512135,101,131,16,2.1099425948855,7.634609379375
Massachusetts,Suffolk County,791766,342,2337,389,0.144803769781771,0.344157172287918
Massachusetts,Worcester County,822280,129,854,163,0.488040492892272,1.09962195748466
Michigan,Barry County,60057,1,28,4,1.17274829178571,3.7395744575
Michigan,Bay County,104786,3,207,32,0.282960632028986,0.8697265365625
Michigan,Calhoun County,134473,6,135,20,0.514455931407407,1.613113963
Michigan,Chippewa County,37834,1,38,6,0.518771125263158,1.50646287333333
Michigan,Clinton County,77896,6,23,2,1.76176111347826,8.677867195
Michigan,Emmet County,33039,2,84,58,0.229694760238095,0.158274312758621
Michigan,Genesee County,409361,46,672,140,0.315193572306548,0.679681995785714
Michigan,Grand Traverse County,91746,3,320,50,0.1582322855625,0.4730027724
Michigan,Hillsdale County,45830,2,32,4,0.781873423125,2.917727615
Michigan,Ingham County,289564,18,263,48,0.480191090418251,1.08603860875
Michigan,Isabella County,70775,2,54,8,0.534407412962963,1.5060737125
Michigan,Jackson County,158913,12,215,22,0.388026418744186,1.69243772590909
Michigan,Kalamazoo County,261573,5,549,58,0.219516733551913,0.902162642758621
Michigan,Kent County,643140,36,937,174,0.312989971472786,0.700054981206897
Michigan,Lapeer County,88202,1,97,10,0.506285000927835,2.074520491
Michigan,Lenawee County,98474,1,69,9,0.765058646086957,2.65349482444444
Michigan,Livingston County,188482,16,34,28,3.00658091176471,1.48825567857143
Michigan,Macomb County,868704,281,792,122,0.57203523854798,1.66680353336066
Michigan,Midland County,83389,6,181,28,0.245177734530387,0.738029644642857
Michigan,Monroe County,149699,18,72,10,1.12177112472222,3.545995902
Michigan,Montcalm County,63209,2,64,12,0.5169965321875,1.251280995
Michigan,Muskegon County,173043,3,229,33,0.384946665938865,1.17701434848485
Michigan,Newaygo County,48142,1,9,9,2.94549253777778,1.36690857333333
Michigan,Oakland County,1250843,543,1866,381,0.349637088258307,0.743446727847769
Michigan,Otsego County,24397,6,29,10,0.47724128137931,0.665160284
Michigan,Ottawa County,284034,16,92,14,1.41789107684783,4.07190363785714
Michigan,Saginaw County,192778,9,436,93,0.234401538692661,0.527856012150538
Michigan,St. Clair County,159566,8,189,59,0.466246386560847,0.66684666
Michigan,Van Buren County,75272,2,66,8,0.61091285939394,2.22015641
Michigan,Washtenaw County,365961,72,542,181,0.301902963265683,0.368361458066298
Michigan,Wayne County,1761382,1121,2654,530,0.32359313227581,0.701640277245283
Michigan,Wexford County,33111,1,30,6,0.597100698,1.40917817666667
Minnesota,Anoka County,347431,7,233,132,0.728515474077253,0.489145716212121
Minnesota,Blue Earth County,66322,5,105,15,0.269514741428571,0.854147476666667
Minnesota,Carver County,100416,8,51,8,0.902609186078431,2.11075893875
Minnesota,Chisago County,54727,2,22,6,1.270727775,1.88156149166667
Minnesota,Dakota County,418201,21,109,12,1.84796559825688,6.5975449825
Minnesota,Goodhue County,46217,1,30,4,0.844893636333334,3.0695202275
Minnesota,Hennepin County,1235478,111,1460,365,0.399018761842466,0.657298349890411
Minnesota,Olmsted County,153065,21,660,165,0.111653693424242,0.197365286909091
Minnesota,Ramsey County,541493,27,707,148,0.352779956350778,0.725146559864865
Minnesota,Renville County,14721,1,10,4,0.817988719,1.1019857025
Minnesota,Rice County,65765,2,27,4,1.16406323555556,3.46812566
Minnesota,St. Louis County,200080,3,468,80,0.229998212692308,0.63907720575
Minnesota,Stearns County,156819,5,152,77,0.474169327960526,0.415145092857143
Minnesota,Washington County,253317,13,83,31,1.51011147240964,1.61961638032258
Minnesota,Winona County,50847,2,25,8,0.9779358536,1.4107754575
Mississippi,Adams County,31547,2,88,8,0.193119714772727,0.9761243875
Mississippi,Bolivar County,32592,4,43,8,0.357443309767442,0.81410096
Mississippi,Clay County,19808,1,37,6,0.278984625945946,0.79941314
Mississippi,Coahoma County,23802,11,140,10,0.0776442221428571,0.48758689
Mississippi,DeSoto County,176132,36,222,93,0.362559261126126,0.329168860537634
Mississippi,Forrest County,75517,15,323,48,0.102081927368421,0.293530155416667
Mississippi,George County,23710,1,39,6,0.287516075897436,0.780897173333333
Mississippi,Grenada County,21278,2,30,9,0.364971484,0.541092831111111
Mississippi,Hancock County,46653,5,80,12,0.32906232825,0.970620311666667
Mississippi,Harrison County,202626,25,452,57,0.213067527964602,0.697907848421053
Mississippi,Hinds County,241774,38,1077,191,0.101694157103064,0.23620189947644
Mississippi,Jackson County,142014,12,159,48,0.448216946603774,0.610167197708333
Mississippi,Jones County,68454,1,129,13,0.259788584263566,1.18197481769231
Mississippi,Lafayette County,53459,8,111,48,0.197301921441441,0.179084098333333
Mississippi,Lamar County,61223,2,134,12,0.207058540223881,0.902529634166667
Mississippi,Lee County,84915,14,403,50,0.100096155186104,0.3411627892
Mississippi,Leflore County,29804,13,125,16,0.1055037376,0.3676733
Mississippi,Lincoln County,34432,4,50,8,0.346635552,0.9754128
Mississippi,Lowndes County,59437,6,112,18,0.256965546964286,0.692148818888889
Mississippi,Madison County,103498,17,25,7,1.9329936376,2.66871129428571
Mississippi,Marion County,25202,1,43,6,0.303116345581395,1.01085785666667
Mississippi,Monroe County,35840,3,80,9,0.240063859625,1.03112458111111
Mississippi,Oktibbeha County,49481,7,75,6,0.244545361466667,1.23461298166667
Mississippi,Panola County,34243,2,71,6,0.237541583380282,1.15317626333333
Mississippi,Pearl River County,55149,13,42,6,0.703238570952381,2.18499333666667
Mississippi,Pike County,39737,10,112,28,0.172971350892857,0.319570667857143
Mississippi,Prentiss County,25360,1,41,10,0.318364774390244,0.583389425
Mississippi,Rankin County,151240,20,261,17,0.278807383218391,1.76080899882353
Mississippi,Union County,28356,2,117,8,0.119235866837607,0.7899879475
Missouri,Adair County,25325,1,30,10,0.355041499333333,0.524526502
Missouri,Bates County,16374,1,39,10,0.228561679230769,0.446901451
Missouri,Boone County,176515,20,532,134,0.138411251428571,0.215632494328358
Missouri,Camden County,45096,1,50,40,0.6008904206,0.38109647425
Missouri,Cape Girardeau County,78324,1,258,52,0.147321150891473,0.339953712884615
Missouri,Cass County,102678,8,64,9,0.81627673203125,2.59849768333333
Missouri,Clay County,239164,2,300,60,0.3760614989,0.7701390055
Missouri,Clinton County,20475,1,33,5,0.32940659,0.991290506
Missouri,Cole County,76740,6,105,19,0.367062819904762,0.884427574210526
Missouri,Franklin County,102781,3,76,53,0.711030498157895,0.454020983773585
Missouri,Greene County,288429,23,885,155,0.156462073175141,0.411401775741935
Missouri,Henry County,21765,1,37,8,0.337047861351351,0.76452864125
Missouri,Jackson County,692003,60,859,274,0.38653951975553,0.517024133321168
Missouri,Jasper County,119238,2,376,84,0.148947812420213,0.295614434880952
Missouri,Jefferson County,223302,3,117,20,0.962610385811966,2.218243243
Missouri,Johnson County,53689,2,24,8,0.928772683333333,1.15002695
Missouri,Lafayette County,32589,2,21,4,0.83632111047619,2.14507917
Missouri,Newton County,58202,1,21,4,1.43216799190476,3.4736305425
Missouri,Pemiscot County,17031,1,42,7,0.198720012142857,0.543982784285714
Missouri,Perry County,19146,2,18,3,0.560752337222222,1.58317931
Missouri,Platte County,98824,2,31,8,1.55248649354839,2.3974698375
Missouri,Randolph County,24945,1,70,8,0.179646466,0.7002384225
Missouri,Scott County,38729,1,53,12,0.379678337735849,0.772045675
Missouri,St. Charles County,389985,12,518,48,0.368984830945946,1.64576536604167
Missouri,St. Francois County,66342,2,68,10,0.495600738970588,1.485025975
Missouri,St. Louis City,311273,44,1020,377,0.14353479627451,0.153270126790451
Missouri,St. Louis County,998684,129,2056,362,0.253540964202335,0.681735352486188
Missouri,Taney County,54720,1,46,18,0.653111419347826,0.834305817222223
Montana,Cascade County,81746,3,127,53,0.330490253385827,0.384771656981132
Montana,Flathead County,98082,5,110,22,0.497241603636364,1.09845016363636
Montana,Gallatin County,104729,24,61,8,0.752857708196721,2.167796225
Montana,Hill County,16439,1,12,6,0.632914141666667,0.560566716666667
Montana,Lewis and Clark County,67077,3,71,8,0.509967679859155,1.99655059125
Montana,Missoula County,115983,6,166,42,0.332170130421687,0.54643686547619
Montana,Ravalli County,41902,1,18,5,1.46699877444444,2.645966412
Montana,Roosevelt County,11228,1,40,1,0.11413908975,1.81826641
Montana,Silver Bow County,34814,4,50,11,0.3735417514,0.794639311818182
Montana,Yellowstone County,157816,12,242,75,0.326958915041322,0.476622034133334
Nebraska,Buffalo County,49030,1,107,24,0.203315834859813,0.402736069583333
Nebraska,Douglas County,554992,40,618,359,0.397869162071197,0.276269743286908
Nebraska,Lancaster County,310094,4,390,154,0.349724214205128,0.370870041948052
Nebraska,Lincoln County,35433,3,56,16,0.331669624464286,0.577858814375
Nebraska,Madison County,35164,1,75,4,0.227047798266667,1.9978762825
Nebraska,Sarpy County,178351,2,73,8,1.04727019726027,3.54283695
Nevada,Carson City,54467,2,144,24,0.210691150833333,0.610320178333333
Nevada,Clark County,2141574,249,772,180,1.32447526492228,2.28912553044445
Nevada,Douglas County,47828,2,15,4,2.115303504,4.08333936
Nevada,Elko County,52252,2,52,7,0.438979516538462,1.11281787714286
Nevada,Washoe County,450486,57,412,114,0.549594633762136,0.830563253421053
New Hampshire,Belknap County,60640,8,66,6,0.553157928333333,2.88268612166667
New Hampshire,Carroll County,47840,7,39,5,0.821080061538462,3.29654752
New Hampshire,Cheshire County,76263,1,39,10,1.07852220333333,1.979902407
New Hampshire,Grafton County,89811,22,247,58,0.202388756558705,0.416697364310345
New Hampshire,Hillsborough County,411087,30,371,114,0.57092933754717,0.771330226052632
New Hampshire,Merrimack County,149452,5,196,24,0.414803188418367,1.51944396125
New Hampshire,Rockingham County,305129,56,64,10,2.65186375109375,7.076812993
New Hampshire,Strafford County,128237,7,138,37,0.45165306942029,0.700715849189189
New Jersey,Atlantic County,268539,9,382,46,0.372554881465969,1.39892163652174
New Jersey,Bergen County,929999,819,1362,148,0.359682925264317,1.52881875533784
New Jersey,Burlington County,446367,48,504,64,0.464899998551587,1.62813610515625
New Jersey,Camden County,507367,61,1179,183,0.213942533112807,0.596556029836066
New Jersey,Cape May County,93705,4,149,16,0.397692138993289,1.966758830625
New Jersey,Cumberland County,153400,3,188,36,0.390395637765957,0.878643058333334
New Jersey,Essex County,793555,381,1266,237,0.294689866666667,0.649929994936709
New Jersey,Gloucester County,290852,23,243,14,0.610165606213992,4.42391412071428
New Jersey,Hudson County,668631,260,292,44,1.01725451328767,2.57774754818182
New Jersey,Mercer County,368762,82,427,92,0.422926305199063,0.848197909565217
New Jersey,Middlesex County,826698,316,1110,178,0.36355698454955,0.96175026488764
New Jersey,Monmouth County,623387,313,986,142,0.341010139817444,1.05193712774648
New Jersey,Morris County,494383,223,548,66,0.479788668266423,1.77272439075758
New Jersey,Ocean County,591939,222,699,78,0.469301641087268,2.31878760102564
New Jersey,Passaic County,504041,255,570,90,0.420201268929825,1.12562885233333
New Jersey,Salem County,63336,1,198,19,0.172799267525253,0.837913422631579
New Jersey,Somerset County,330176,117,158,28,1.07693426044304,2.6167923875
New Jersey,Sussex County,142298,27,103,10,0.766708046990291,3.206919116
New Jersey,Union County,553066,262,536,80,0.498672076791045,1.4204137105
New Jersey,Warren County,106293,18,152,20,0.383513907302632,1.3042803045
New Mexico,Bernalillo County,677692,48,871,167,0.382875021699196,0.862533749101796
New Mexico,Chaves County,65459,3,18,2,1.71645082055556,7.220867615
New Mexico,Cibola County,26978,1,14,4,0.949795362857143,1.45150873
New Mexico,Curry County,50199,1,50,7,0.4145330598,1.24343243
New Mexico,Doña Ana County,215338,13,91,24,1.0635431589011,1.82963343916667
New Mexico,Eddy County,57437,1,65,12,0.411460390461538,0.964878718333333
New Mexico,Lea County,70126,1,80,7,0.356414586125,1.61943330142857
New Mexico,Rio Arriba County,39307,2,27,4,0.767108211851852,2.44517457
New Mexico,San Juan County,127455,8,118,22,0.496022682627119,1.12463288409091
New Mexico,Sandoval County,140769,8,48,11,1.51473233020833,2.79607437727273
New Mexico,Santa Fe County,148917,17,143,18,0.625170377482518,2.30676755666667
New York,Albany County,307426,152,889,143,0.172859919820023,0.494747771188811
New York,Allegany County,47025,2,18,6,1.347787175,1.92017680833333
New York,Broome County,194402,11,377,48,0.270133138567639,1.06074264083333
New York,Cayuga County,77868,2,143,10,0.296857526713287,1.982506368
New York,Chautauqua County,129656,1,51,14,1.38832316,2.43896634571429
New York,Chemung County,85740,1,181,20,0.252917689281768,1.088814412
New York,Chenango County,48348,3,41,5,0.672112716097561,2.565689728
New York,Clinton County,80794,10,134,28,0.311301557164179,0.655401476428571
New York,Cortland County,48123,2,35,12,0.664188865142857,0.863046643333333
New York,Dutchess County,293894,153,332,31,0.471981592108434,2.26317714258065
New York,Erie County,919866,122,1485,291,0.324509418074074,0.785375272027491
New York,Franklin County,50692,1,58,12,0.457496762931035,0.945088145833333
New York,Fulton County,53743,1,38,8,0.789950576842105,1.77214351
New York,Genesee County,58112,2,86,10,0.369772899302326,1.491596066
New York,Jefferson County,114448,2,79,10,0.622630376582278,2.084668025
New York,Livingston County,63907,3,30,8,1.12512624566667,1.92545532875
New York,Madison County,71359,7,48,6,0.79515775625,2.83433461666667
New York,Monroe County,744248,118,1094,154,0.346759550255942,1.12634605207792
New York,Montgomery County,49426,4,70,8,0.373333548285714,1.5896102025
New York,Nassau County,1356564,3285,2525,408,0.2828080232,0.827681939754902
New York,New York County,1632480,17856,5180,897,0.156527295017375,0.406699489197324
New York,Niagara County,211704,12,150,20,0.779309148066667,2.7495408895
New York,Oneida County,230782,9,290,50,0.42012685037931,1.1917326678
New York,Onondaga County,464242,65,1006,183,0.234457070328032,0.592170968579235
New York,Ontario County,109472,9,204,27,0.296821509754902,1.05395007444444
New York,Orange County,378227,638,272,38,0.653615050110294,1.91952990447368
New York,Oswego County,119104,2,55,8,1.10835906818182,3.24150390625
New York,Putnam County,99070,84,96,10,0.569395635,2.255081904
New York,Rensselaer County,159431,31,142,24,0.582710737676056,1.50591063541667
New York,Rockland County,323686,968,120,19,1.27033152941667,3.72062665631579
New York,Saratoga County,227377,64,115,19,1.06635973956522,2.80222262894737
New York,Schenectady County,154883,55,281,56,0.281740611281139,0.672161575535714
New York,St. Lawrence County,109558,1,81,6,0.683812265432099,4.20271108333333
New York,Steuben County,96927,8,75,8,0.708846156933333,3.06211352875
New York,Suffolk County,1487901,2260,1513,288,0.513661617138136,1.19516330996528
New York,Sullivan County,75211,39,47,6,0.88447936212766,3.08209333
New York,Tompkins County,102962,16,77,8,0.585907216103896,2.408983045
New York,Warren County,64480,2,195,22,0.195840585333333,0.84847163
New York,Wayne County,90856,7,55,9,0.910820801818182,2.51718621111111
New York,Westchester County,968815,4691,1097,175,0.454275871640839,1.32180953605714
North Carolina,Alamance County,321152,2,114,20,1.41801469315789,3.725735249
North Carolina,Buncombe County,254474,6,541,77,0.258375738946396,0.852806171818182
North Carolina,Cabarrus County,201448,12,265,92,0.354626080075472,0.397367269347826
North Carolina,Caldwell County,81779,1,60,12,0.763737378,1.74792144333333
North Carolina,Carteret County,68920,4,80,10,0.540306987,2.084580104
North Carolina,Catawba County,156729,4,264,40,0.312331788712121,0.9096126945
North Carolina,Chatham County,69791,6,21,4,1.99573220714286,5.3910709125
North Carolina,Cherokee County,27668,4,15,6,1.24138551533333,1.63037621166667
North Carolina,Cleveland County,97159,1,154,18,0.337062338181818,1.32635777333333
North Carolina,Craven County,103082,3,118,15,0.437375734237288,1.66426889066667
North Carolina,Cumberland County,332106,3,405,73,0.338363251234568,0.73079319520548
North Carolina,Davidson County,164664,2,42,16,2.10736939809524,2.423470955
North Carolina,Durham County,306457,70,629,241,0.21941985572337,0.221178011410788
North Carolina,Forsyth County,371573,15,465,66,0.392944517870968,1.19880635136364
North Carolina,Gaston County,216585,3,208,113,0.528441975769231,0.418475655221239
North Carolina,Granville County,58874,1,46,6,0.687527756521739,2.1564972
North Carolina,Guilford County,523582,22,128,28,1.96136526710938,3.82120842178571
North Carolina,Harnett County,130361,10,83,10,0.681612875421687,2.171566134
North Carolina,Henderson County,113625,2,139,19,0.501747089928058,1.97416286842105
North Carolina,Hertford County,24153,1,33,7,0.397228225454545,0.890318365714286
North Carolina,Hoke County,53239,2,25,4,0.8526408944,1.77891941
North Carolina,Iredell County,172525,11,116,16,0.755091701293103,2.246607040625
North Carolina,Johnston County,191172,8,100,14,0.8992473487,2.46824393785714
North Carolina,Lee County,60125,1,101,8,0.295822594653465,1.6323884925
North Carolina,Lenoir County,57227,1,124,14,0.252068747983871,1.081700375
North Carolina,Lincoln County,81441,1,39,48,1.14161629897436,0.38165967375
North Carolina,Mecklenburg County,1054314,142,755,224,0.605022676317881,0.733002586517857
North Carolina,Moore County,95629,2,212,44,0.261768874575472,0.702276104318182
North Carolina,Nash County,94003,2,181,23,0.277194116574586,0.973708039130435
North Carolina,New Hanover County,224231,4,292,45,0.390121451917808,1.12170124533333
North Carolina,Onslow County,193912,3,83,12,0.794066939036145,1.98017033833333
North Carolina,Orange County,142938,13,396,102,0.165464938914141,0.25152553127451
North Carolina,Pasquotank County,39479,1,88,10,0.227206337954546,0.891867226
North Carolina,Pitt County,177372,6,434,124,0.176400278410138,0.247471848145161
North Carolina,Randolph County,142958,3,29,10,2.59335960758621,3.302256138
North Carolina,Robeson County,133442,2,146,25,0.432134269794521,1.0437142644
North Carolina,Rowan County,139605,6,162,6,0.447945570246914,5.29465960333333
North Carolina,Sampson County,63561,1,19,8,1.71338208421053,1.83504505
North Carolina,Scotland County,35262,1,68,8,0.264735074264706,1.01265811875
North Carolina,Stanly County,61114,1,70,10,0.470731600714286,1.510689795
North Carolina,Union County,226694,16,96,24,1.08297088916667,1.59467936
North Carolina,Wake County,1046558,67,863,175,0.536751238621089,0.946371148971429
North Carolina,Watauga County,54117,2,70,16,0.356398343285714,0.695012873125
North Carolina,Wayne County,124002,2,186,16,0.32940220688172,1.684621845
North Carolina,Wilson County,81336,5,66,14,0.645123202727273,1.36248704428571
North Dakota,Burleigh County,93737,18,220,60,0.205730428681818,0.346783594833333
North Dakota,Cass County,174202,6,315,109,0.229692151015873,0.275131306697248
North Dakota,Ramsey County,11557,3,18,3,0.343910779444445,1.04383532333333
North Dakota,Stark County,30876,2,12,4,1.13414028166667,1.498889155
North Dakota,Ward County,69034,3,210,27,0.136537566714286,0.446817814444445
Ohio,Ashland County,53477,1,20,8,1.3998231855,1.63480828625
Ohio,Ashtabula County,98136,3,115,19,0.466680322608696,1.30171436315789
Ohio,Belmont County,68472,3,20,5,1.9587704175,3.80161433
Ohio,Butler County,378294,18,243,38,0.74077290473251,1.97645379342105
Ohio,Clermont County,203216,5,62,61,1.67707831774194,0.716115316393443
Ohio,Coshocton County,36574,4,37,7,0.531786681351352,1.36006897
Ohio,Cuyahoga County,1253783,206,2887,720,0.227760219688258,0.431408021888889
Ohio,Darke County,51734,1,22,6,1.27150653,2.27808605666667
Ohio,Defiance County,38279,2,8,7,2.5005463825,1.34127699142857
Ohio,Delaware County,197008,12,43,6,2.15551040069767,5.897098795
Ohio,Fairfield County,152910,5,170,20,0.449113627294118,1.613491168
Ohio,Fayette County,28645,1,17,6,0.87248898,1.10150789
Ohio,Franklin County,1275333,88,2315,619,0.240124930362851,0.343636924410339
Ohio,Gallia County,30195,1,100,14,0.1602970085,0.543447796428572
Ohio,Geauga County,93961,4,95,12,0.553242136526316,2.02936558583333
Ohio,Greene County,165811,3,41,8,2.04359559780488,4.72433131125
Ohio,Hamilton County,812037,48,1188,302,0.331559474941077,0.576338820430464
Ohio,Hancock County,75690,1,90,34,0.426265309,0.515505358529412
Ohio,Huron County,58457,2,72,12,0.415765931944445,1.11481940833333
Ohio,Knox County,61215,2,50,12,0.6276524186,1.21145825583333
Ohio,Lake County,230052,14,232,49,0.553824956939655,1.24533244877551
Ohio,Licking County,172293,3,126,38,0.697447457063492,0.992855273947368
Ohio,Logan County,45307,2,27,7,0.893360363333333,1.57137288428571
Ohio,Lorain County,306713,37,362,83,0.448142223674033,0.892598253373494
Ohio,Lucas County,432379,23,790,222,0.271288468113924,0.421912838693694
Ohio,Madison County,43988,2,24,13,0.94141834375,0.710486903846154
Ohio,Mahoning County,231064,42,268,68,0.482804456231343,0.962492290147059
Ohio,Marion County,65344,4,80,15,0.429750886625,1.046785938
Ohio,Medina County,177257,22,151,12,0.62426390794702,3.42797249166667
Ohio,Mercer County,40806,1,46,5,0.457432471304348,1.972171264
Ohio,Miami County,104800,19,39,6,1.44100882230769,4.33798598833333
Ohio,Montgomery County,532034,14,957,160,0.286355273187043,0.80729927225
Ohio,Pickaway County,57420,1,40,8,0.719817112,1.49936444
Ohio,Portage County,162644,4,103,16,0.789769139708738,2.209282413125
Ohio,Richland County,121324,4,115,10,0.567258010956522,3.184810874
Ohio,Sandusky County,59299,1,71,19,0.446660289577465,0.775473128421053
Ohio,Seneca County,55475,1,17,4,1.68526402058824,3.3451804125
Ohio,Stark County,373475,12,548,128,0.367876713978102,0.75592891203125
Ohio,Summit County,541810,43,608,161,0.469584490016447,0.807688012857143
Ohio,Trumbull County,201794,9,77,12,1.48398524207792,4.74602969666667
Ohio,Tuscarawas County,92526,3,111,13,0.446709456666667,1.85523848538462
Ohio,Union County,55654,3,26,7,0.991261461153846,1.35992600142857
Ohio,Warren County,226564,8,96,28,1.14723149572917,1.57885022892857
Ohio,Wood County,129936,3,85,10,0.711644838117647,2.642069876
Oklahoma,Bryan County,45759,1,94,8,0.243689190957447,1.32519450625
Oklahoma,Canadian County,136710,5,41,8,1.51475269365854,3.051583695
Oklahoma,Carter County,48406,1,142,13,0.168119520140845,0.854408318461539
Oklahoma,Cleveland County,276733,27,139,36,0.884153031798561,1.34547218277778
Oklahoma,Delaware County,42112,1,42,6,0.610785854047619,2.17151402166667
Oklahoma,Grady County,54733,1,11,14,2.51338261727273,0.845075800714286
Oklahoma,Jackson County,25384,1,34,6,0.340642557352941,0.857085508333334
Oklahoma,Kay County,44880,5,46,10,0.50276661173913,1.160585586
Oklahoma,Muskogee County,69084,1,105,24,0.325345391238095,0.65352308
Oklahoma,Oklahoma County,782051,55,1326,482,0.264799520429864,0.303170033008299
Oklahoma,Payne County,81512,3,111,11,0.285095482972973,1.23919012636364
Oklahoma,Pontotoc County,38358,1,116,18,0.158074760086207,0.474693768333333
Oklahoma,Pottawatomie County,72000,1,41,16,0.864236408780488,0.9860273275
Oklahoma,Stephens County,43983,1,49,9,0.479528798979592,1.27177987222222
Oklahoma,Tulsa County,642781,27,1279,352,0.231302411305708,0.354934136193182
Oklahoma,Wagoner County,77850,3,61,6,0.640781350491803,2.73685627
Oklahoma,Washington County,52001,3,59,8,0.461589746271186,1.72240312125
Oregon,Benton County,89780,6,122,12,0.340335959836066,1.57167274166667
Oregon,Clackamas County,405788,21,308,54,0.70252992237013,1.76021210944444
Oregon,Clatsop County,38562,1,34,10,0.661938646470588,1.027970602
Oregon,Deschutes County,180640,10,160,24,0.6282762164375,1.88648064041667
Oregon,Douglas County,108323,3,93,34,0.71399704311828,1.03860985264706
Oregon,Grant County,7183,1,11,3,0.436828421818182,0.914255786666666
Oregon,Hood River County,23131,1,15,4,0.765687830666667,1.210538135
Oregon,Jackson County,214267,4,319,61,0.378681221630094,0.98531361147541
Oregon,Josephine County,85481,2,97,12,0.548569760412371,2.30693443666667
Oregon,Klamath County,66310,1,81,10,0.454422029259259,1.799569563
Oregon,Lane County,368882,5,391,62,0.496040030639386,1.46617351645161
Oregon,Lincoln County,47881,1,32,9,0.9998566875,1.811804
Oregon,Linn County,122870,25,57,11,1.12840017631579,2.70361726818182
Oregon,Marion County,335553,43,190,55,0.840632753157895,1.27019430727273
Oregon,Multnomah County,798647,33,982,214,0.38357900212831,0.668130560327103
Oregon,Umatilla County,76898,2,33,7,1.10445993,2.30025033
Oregon,Union County,26028,1,17,4,0.816815586470588,1.6821762575
Oregon,Washington County,581821,96,518,90,0.517386052818533,1.16103071822222
Oregon,Yamhill County,103820,7,58,11,0.897152985172414,2.10859789636364
Pennsylvania,Adams County,102023,6,56,8,1.01318850607143,3.3869667075
Pennsylvania,Allegheny County,1225561,88,2799,595,0.234165903576277,0.536023522504202
Pennsylvania,Armstrong County,66331,1,81,12,0.482797527901235,1.61345918666667
Pennsylvania,Beaver County,166896,7,152,30,0.631093018223684,1.60284970766667
Pennsylvania,Berks County,416642,20,591,71,0.359784237817259,1.37951866830986
Pennsylvania,Bradford County,61304,1,213,42,0.162526634366197,0.412129211428571
Pennsylvania,Bucks County,626370,86,585,88,0.590884674632479,1.79360346977273
Pennsylvania,Butler County,186566,12,157,35,0.649953600254777,1.34734385028571
Pennsylvania,Cambria County,134550,1,350,40,0.222292926114286,1.0151336465
Pennsylvania,Carbon County,63931,1,75,13,0.4969653168,1.38743394153846
Pennsylvania,Centre County,161443,8,164,44,0.435948516036585,0.703698712954545
Pennsylvania,Chester County,517156,54,566,88,0.465472350724382,1.29871192602273
Pennsylvania,Clearfield County,80216,2,114,27,0.401625132807018,0.815164624444444
Pennsylvania,Columbia County,66220,1,30,12,1.16751451366667,1.4160253825
Pennsylvania,Cumberland County,247433,13,392,67,0.331527700943878,0.915560316865671
Pennsylvania,Dauphin County,274515,10,718,170,0.19586838816156,0.367608042941177
Pennsylvania,Delaware County,563527,101,791,138,0.35786327045512,0.940123065724638
Pennsylvania,Erie County,275972,4,381,69,0.37204996976378,0.955308717681159
Pennsylvania,Fayette County,132289,4,108,17,0.702221401666667,2.18395580117647
Pennsylvania,Franklin County,153751,5,207,33,0.39783943763285,1.21113777
Pennsylvania,Lackawanna County,211454,18,414,48,0.278538732342995,1.203495516875
Pennsylvania,Lancaster County,538347,12,614,86,0.441075958713355,1.52566931802326
Pennsylvania,Lawrence County,87382,1,78,6,0.64588526974359,4.33895316
Pennsylvania,Lebanon County,138674,3,73,18,1.00636917273973,2.03274057722222
Pennsylvania,Lehigh County,362613,38,609,121,0.298985543973727,0.702205402644628
Pennsylvania,Luzerne County,317884,27,510,97,0.34141748127451,0.899167057216495
Pennsylvania,Lycoming County,114859,1,180,34,0.342979337777778,0.879322329411765
Pennsylvania,Mercer County,112630,2,78,13,0.819027117564102,2.54048191
Pennsylvania,Monroe County,167586,51,232,36,0.388610887198276,1.06443011583333
Pennsylvania,Montgomery County,821301,172,982,179,0.438769004796334,1.13129171670391
Pennsylvania,Montour County,18294,4,225,58,0.0461337881333333,0.0924553046551724
Pennsylvania,Northampton County,301778,44,556,93,0.291886391151079,0.83548340344086
Pennsylvania,Philadelphia County,1575522,257,3130,687,0.227406473182109,0.437013375458515
Pennsylvania,Potter County,16937,1,16,4,0.63445406625,1.304853735
Pennsylvania,Schuylkill County,143555,6,125,14,0.6484787616,2.84872034285714
Pennsylvania,Somerset County,74949,2,107,14,0.411463300560748,1.58606691714286
Pennsylvania,Warren County,40035,1,41,6,0.586862359268293,2.02730887833333
Pennsylvania,Washington County,207547,10,275,48,0.427978253454545,1.18015208958333
Pennsylvania,Wayne County,51536,4,54,8,0.590278244814815,1.9550468475
Pennsylvania,Westmoreland County,354751,16,287,49,0.736308484355401,2.18809785693878
Pennsylvania,York County,444014,20,536,90,0.43409782391791,1.15350173755556
Rhode Island,Kent County,163861,7,204,15,0.447709567647059,2.84261121333333
Rhode Island,Newport County,83075,10,57,10,0.843759884035088,2.363283661
Rhode Island,Providence County,634533,75,576,84,0.532748845555556,1.63980470190476
Rhode Island,Washington County,126242,10,134,17,0.532464256268657,1.99983645058824
South Carolina,Abbeville County,24657,3,19,6,0.732647746842105,1.15222046833333
South Carolina,Aiken County,166926,2,153,21,0.586923711764706,1.99405152857143
South Carolina,Anderson County,195995,19,215,48,0.478135534418605,0.962350835416667
South Carolina,Beaufort County,182658,26,162,24,0.673918464382716,2.42422119875
South Carolina,Charleston County,394708,52,998,216,0.197840555721443,0.386086182361111
South Carolina,Chester County,32326,1,30,6,0.578372746,1.32069960333333
South Carolina,Chesterfield County,46024,3,26,6,0.943791173461538,1.77094158166667
South Carolina,Clarendon County,34017,5,36,6,0.554492670277778,1.62794231166667
South Carolina,Colleton County,37568,1,84,8,0.245900655833333,1.19473561375
South Carolina,Darlington County,67253,8,83,12,0.431678651325301,1.33301516166667
South Carolina,Dillon County,30871,1,18,4,0.847451493888889,1.6223207775
South Carolina,Florence County,138561,5,575,171,0.121212217930435,0.176953419239766
South Carolina,Georgetown County,61605,2,98,10,0.39913322622449,2.024932383
South Carolina,Greenville County,498402,50,778,192,0.314228104845758,0.538696064739583
South Carolina,Greenwood County,70264,2,164,30,0.217812960670732,0.567745815
South Carolina,Horry County,320915,20,512,157,0.37401575484375,0.566161487388535
South Carolina,Jasper County,27900,2,21,4,0.706647369047619,1.5518413125
South Carolina,Kershaw County,64361,63,60,20,0.576917252333333,0.767614743
South Carolina,Lancaster County,89546,6,98,20,0.503329522653061,1.160312839
South Carolina,Lexington County,286316,18,310,55,0.463486472709677,1.09615660836364
South Carolina,Marion County,31562,1,88,12,0.194315854318182,0.643083735
South Carolina,Newberry County,38068,1,37,7,0.553115431891892,1.36401700285714
South Carolina,Oconee County,76696,2,65,32,0.695348239846154,0.6939667003125
South Carolina,Orangeburg County,88454,9,139,22,0.337672861798561,0.988006009545454
South Carolina,Pickens County,122746,6,86,15,0.690936301860465,1.758634536
South Carolina,Richland County,408263,59,601,271,0.296493981397671,0.253749805092251
South Carolina,Spartanburg County,302195,9,503,87,0.298424312465209,0.746000699195402
South Carolina,Sumter County,106995,10,93,17,0.557286009569893,1.33933771235294
South Carolina,York County,258641,18,187,32,0.669642592941177,1.516579535
South Dakota,Beadle County,18374,13,15,6,0.610395566,0.785557751666667
South Dakota,Bon Homme County,6969,1,26,1,0.149204880384615,2.10959311
South Dakota,Brookings County,34239,1,39,2,0.338229806153846,2.74784378
South Dakota,Brown County,38840,2,34,6,0.560883091176471,1.52654581666667
South Dakota,Charles Mix County,9344,1,35,2,0.129046944857143,1.201608465
South Dakota,Codington County,27993,1,48,8,0.293112351041667,0.84977089375
South Dakota,Davison County,19901,2,32,8,0.31631499625,0.658423765
South Dakota,Lincoln County,54914,1,11,53,2.14056323272727,0.175231215849057
South Dakota,Meade County,27424,1,22,2,0.594228863181818,2.673242505
South Dakota,Minnehaha County,186749,13,498,61,0.168172273634538,0.553168159508197
South Dakota,Pennington County,109294,1,217,27,0.257787428341014,0.94028215
Tennessee,Anderson County,75775,3,171,25,0.245860491754386,0.8086918364
Tennessee,Bedford County,47558,1,33,8,0.692604591212121,1.24337731125
Tennessee,Blount County,128443,3,117,24,0.612300233675214,1.39876886083333
Tennessee,Bradley County,104557,3,113,24,0.468354158584071,0.986025836666667
Tennessee,Campbell County,39687,2,148,6,0.150653762905405,1.781515515
Tennessee,Carroll County,28018,3,10,3,1.530562968,2.53915010666667
Tennessee,Claiborne County,31613,1,28,5,0.626284225714286,1.612286336
Tennessee,Cumberland County,58634,3,61,12,0.633593350327869,1.81854046916667
Tennessee,Davidson County,684017,188,640,178,0.474016625703125,0.649093031179775
Tennessee,Dyer County,37576,2,95,14,0.202109193368421,0.620569045
Tennessee,Gibson County,49175,2,17,3,1.49610723941176,4.11524897666667
Tennessee,Greene County,68669,7,50,16,0.7955123162,1.188333386875
Tennessee,Hamblen County,63740,2,88,12,0.379179935568182,1.2571304725
Tennessee,Hamilton County,357546,15,736,209,0.251324839089674,0.405286930287081
Tennessee,Hawkins County,56402,1,16,2,2.021337479375,7.335695165
Tennessee,Knox County,456185,20,842,127,0.264787849489311,0.760679848267717
Tennessee,Loudon County,51610,3,25,5,1.2747708764,3.353863618
Tennessee,Madison County,97682,1,191,77,0.256108076020942,0.282229058181818
Tennessee,Maury County,89776,7,83,26,0.549009031084337,0.737912323846154
Tennessee,Roane County,52897,1,46,6,0.697334710434783,2.59025055333333
Tennessee,Robertson County,69344,15,37,8,0.92704485945946,1.697235025
Tennessee,Sevier County,96287,2,42,8,1.26093457809524,3.018047215
Tennessee,Shelby County,937005,117,1728,394,0.24839368072338,0.431272258147208
Tennessee,Sullivan County,156734,2,305,64,0.297429916459016,0.695533835625
Tennessee,Sumner County,179473,36,85,20,1.061023936,1.883458272
Tennessee,Tipton County,61446,6,22,8,1.33948364681818,1.47517872125
Tennessee,Washington County,127055,7,398,61,0.166911570552764,0.497669588852459
Texas,Atascosa County,48828,2,37,4,0.60442302972973,2.431354475
Texas,Bell County,342236,19,532,126,0.25231219018797,0.399722101746032
Texas,Bexar County,1925865,84,2359,576,0.347710165353964,0.558253472100695
Texas,Bowie County,93858,1,394,60,0.11795984177665,0.341237039
Texas,Brazoria County,353999,19,126,18,1.24656643785714,3.20146826833333
Texas,Brazos County,219193,12,286,52,0.267219215839161,0.530439120576923
Texas,Brown County,37834,2,127,13,0.159679843070866,0.756298456153846
Texas,Burnet County,45750,1,45,8,0.587616632666667,1.65347894125
Texas,Cameron County,421750,6,546,119,0.319042476593407,0.633818384705882
Texas,Collin County,944350,66,997,314,0.416575177903711,0.451472189904459
Texas,Comal County,135097,5,78,20,0.940980786282051,1.6532694335
Texas,Coryell County,75389,1,22,3,1.31608915227273,3.39247621666667
Texas,Dallas County,2586552,247,3576,772,0.301605232667785,0.504040152823834
Texas,Deaf Smith County,18899,2,26,2,0.300410963076923,1.68180248
Texas,Denton County,807047,70,627,107,0.547689295295056,1.0456018864486
Texas,DeWitt County,20435,1,15,4,0.742022928666667,1.3370340175
Texas,El Paso County,837654,14,894,222,0.388608806118568,0.637903546531532
Texas,Ellis County,168838,7,140,18,0.5507532865,1.60877221611111
Texas,Erath County,41482,1,34,5,0.519069155588235,1.595959742
Texas,Fannin County,34175,1,23,2,0.805107081304348,4.411148565
Texas,Fort Bend County,739342,46,758,110,0.42738347641161,0.994178226181818
Texas,Galveston County,327089,18,281,57,0.559628665480427,1.11147868421053
Texas,Grayson County,128560,2,322,72,0.206991971428571,0.424033405555556
Texas,Gregg County,123494,1,110,24,0.520821182363636,1.08468041416667
Texas,Guadalupe County,155137,3,54,9,1.33266380388889,3.19911495444444
Texas,Harris County,4602523,119,6771,1473,0.280869279582041,0.452459414765784
Texas,Hays County,204150,9,128,42,0.653531643828125,0.702189990238095
Texas,Hidalgo County,849389,2,885,173,0.358920874282486,0.742493909017341
Texas,Hopkins County,36240,1,36,8,0.515826769166667,1.08332828875
Texas,Hunt County,92152,1,80,16,0.572082834,1.244577705
Texas,Jefferson County,255210,3,572,92,0.209840369947552,0.555127156413044
Texas,Johnson County,163475,3,167,29,0.462854424251497,1.05912624655172
Texas,Kaufman County,118910,2,29,8,1.82979049965517,2.52092443875
Texas,Lamar County,49532,1,76,37,0.343156415789474,0.338663848648649
Texas,Lavaca County,19941,1,45,3,0.250069706,2.08015441
Texas,Limestone County,23515,1,63,6,0.19714671968254,0.965012776666667
Texas,Lubbock County,301454,11,617,210,0.201227432576985,0.246686924285714
Texas,Matagorda County,36743,6,47,6,0.389906368297872,1.414855115
Texas,Maverick County,57970,1,56,10,0.406275457857143,0.932848436
Texas,McLennan County,248429,23,110,24,1.00012297090909,2.03377555
Texas,Midland County,164194,3,157,24,0.423123412802548,1.07956142458333
Texas,Montgomery County,554445,31,571,100,0.448896942539405,0.9769596581
Texas,Nueces County,360486,21,696,118,0.239321894137931,0.592746370169492
Texas,Parker County,129802,1,52,20,1.27011395942308,1.3535037055
Texas,Potter County,120899,2,446,158,0.116111464843049,0.131246687848101
Texas,Smith County,225015,14,700,129,0.155185899228571,0.38163822124031
Texas,Tarrant County,2019977,90,2142,525,0.405329168468721,0.605266135504762
Texas,Tom Green County,117466,1,195,29,0.274921569230769,0.84286324137931
Texas,Travis County,1203166,119,1197,314,0.41730056855472,0.526916335796178
Texas,Walker County,71539,1,75,6,0.431826763066667,2.11029712833333
Texas,Webb County,272053,4,288,66,0.33994394,0.548374170909091
Texas,Wharton County,41551,3,22,4,0.919795142272727,2.4074617175
Texas,Wichita County,131818,5,256,24,0.234870331367188,1.13371688208333
Texas,Williamson County,527057,22,371,108,0.624377404959569,0.799989284814815
Texas,Wilson County,48198,1,22,4,1.111273465,2.5591134425
Utah,Cache County,122336,4,47,15,0.869644195957447,1.05481751933333
Utah,Davis County,340621,35,67,12,1.92417481223881,3.96729313166667
Utah,Salt Lake County,1120805,154,827,239,0.548824456747279,0.704297172677824
Utah,Summit County,40511,97,27,4,0.719237846296296,1.5896345375
Utah,Tooele County,65185,3,24,4,1.02459555416667,2.084469175
Utah,Utah County,590440,19,157,64,1.16048697044586,0.994228213125
Utah,Washington County,160537,1,95,32,0.845806210631579,1.3500312496875
Utah,Weber County,247731,4,88,16,1.16271114784091,2.523257436875
Vermont,Chittenden County,162052,55,273,42,0.284756397765568,0.79268579547619
Vermont,Orleans County,26911,3,14,5,1.14157975857143,1.568252676
Vermont,Rutland County,59273,16,79,13,0.443974763924051,1.27843105
Vermont,Washington County,58477,5,47,14,0.697676469148936,1.06403899642857
Vermont,Windham County,43150,7,48,5,0.541568159583333,2.451761668
Vermont,Windsor County,55427,17,43,7,0.792261560697675,2.32759755571429
Virginia,Accomack County,32742,1,11,5,1.76829830818182,1.934069722
Virginia,Albemarle County,106355,6,108,12,0.503559298148148,2.13547298333333
Virginia,Alexandria City,156505,9,210,34,0.339496591095238,0.732870760882353
Virginia,Arlington County,231803,46,187,34,0.531979572941177,1.01314176058824
Virginia,Bedford County,77908,2,28,6,1.64592240321429,3.58438545166667
Virginia,Charlottesville City,47042,6,336,89,0.0572207529464286,0.0825078315730337
Virginia,Chesapeake City,237820,3,242,28,0.463986935123967,1.53445148928571
Virginia,Culpeper County,50450,2,50,6,0.505798211,1.74765324166667
Virginia,Fairfax County,1143529,77,740,158,0.735694252540541,1.31289324759494
Virginia,Franklin County,56233,1,14,4,2.43733461,3.988148865
Virginia,Fredericksburg City,28469,1,299,38,0.0376567238795987,0.114563672631579
Virginia,Gloucester County,37161,2,24,6,0.886711100833333,1.56102393
Virginia,Halifax County,34779,1,40,12,0.51254187375,0.892040420833334
Virginia,Hanover County,104449,2,195,24,0.287757385282051,1.00470124458333
Virginia,Harrisonburg City,53391,2,168,16,0.10706878577381,0.442171499375
Virginia,James City County,74153,41,116,16,0.384012957758621,1.49739230625
Virginia,Loudoun County,385143,20,43,23,3.72547740906977,2.22693571347826
Virginia,Mecklenburg County,30847,3,56,10,0.342191761607143,1.040004135
Virginia,Newport News City,180145,4,196,33,0.406930992908163,0.966132284545455
Virginia,Norfolk City,245592,5,412,82,0.241523951796117,0.467791364146342
Virginia,Prince Edward County,22956,2,56,8,0.187049474464286,0.63661742875
Virginia,Prince William County,456749,32,131,16,1.46804315961832,3.873302880625
Virginia,Richmond City,223787,13,645,145,0.156999476,0.281806675724138
Virginia,Rockbridge County,22509,1,13,2,1.08542082923077,3.80609961
Virginia,Shenandoah County,43045,3,21,4,1.16348405,3.0299037375
Virginia,Stafford County,144012,6,57,6,1.09752963824561,3.44731677
Virginia,Suffolk City,89160,1,127,12,0.342446636614173,1.4435297625
Virginia,Virginia Beach City,450135,23,292,40,0.718065597808219,2.119505136
Washington,Benton County,194168,10,198,28,0.460128998181818,1.38527029857143
Washington,Chelan County,75757,10,150,20,0.265966919866667,0.945410101
Washington,Clallam County,74487,4,64,19,0.757723681875,1.41949970315789
Washington,Clark County,465384,16,329,80,0.691148948784195,1.167261823125
Washington,Cowlitz County,105112,3,126,18,0.447270424920635,1.48441702555556
Washington,Jefferson County,30856,10,15,6,1.58980029133333,2.14702093833333
Washington,King County,2163257,1359,2105,469,0.484526505539192,0.85286020434968
Washington,Kitsap County,262475,27,119,20,1.15013726033613,2.957100801
Washington,Kittitas County,44825,6,13,6,1.62472144538462,1.55422186833333
Washington,Lewis County,76947,2,73,6,0.591438532876713,3.47437951666667
Washington,Mason County,62627,2,13,6,2.88883628923077,3.00481304
Washington,Pierce County,859840,155,642,229,0.626456565031153,0.706809193231441
Washington,Skagit County,123907,63,175,31,0.385512524628571,1.05291574806452
Washington,Snohomish County,786620,634,314,85,1.20846357745223,1.71368572564706
Washington,Spokane County,497875,54,699,113,0.35175988527897,0.949554603451327
Washington,Stevens County,44214,2,33,4,0.812580967575758,3.1661345175
Washington,Thurston County,274684,14,194,32,0.723180910927835,1.8886751025
Washington,Walla Walla County,60236,2,51,14,0.585395203333333,1.03778747357143
Washington,Whatcom County,216812,66,130,24,0.828029557307692,1.99161448125
Washington,Whitman County,48593,2,33,2,0.52088183030303,3.4815398
Washington,Yakima County,249325,51,126,38,0.852715007380952,1.21519655447368
West Virginia,Berkeley County,113495,2,151,30,0.371778480728477,0.734067313666667
West Virginia,Harrison County,68209,3,167,20,0.223410974251497,0.867807865
West Virginia,Jefferson County,56179,3,16,5,1.8255754925,2.322710424
West Virginia,Kanawha County,185710,5,783,138,0.133204276947637,0.356060080797101
West Virginia,Logan County,33801,1,86,12,0.218636758255814,0.704801565833333
West Virginia,Marshall County,31645,2,5,9,3.714444594,0.997594114444444
West Virginia,Mercer County,60486,2,153,35,0.222186084705882,0.484624258285714
West Virginia,Monongalia County,105252,18,329,116,0.134702702917933,0.149258799482759
West Virginia,Preston County,33837,2,23,2,0.822855653478261,4.125619985
West Virginia,Raleigh County,76232,1,264,35,0.160443302234848,0.570703091714286
West Virginia,Wood County,85556,1,120,26,0.39889600675,0.871082276538462
Wisconsin,Brown County,259786,3,338,73,0.368236519142012,0.70930461
Wisconsin,Chippewa County,63635,1,67,6,0.503642505522388,2.58215368833333
Wisconsin,Columbia County,56954,5,16,5,1.923755453125,2.75035055
Wisconsin,Dane County,529843,88,578,144,0.417048088581315,0.666764130555556
Wisconsin,Dodge County,87776,3,89,13,0.532169154719101,1.65034886384615
Wisconsin,Eau Claire County,102991,5,226,40,0.211300362831858,0.5297427
Wisconsin,Fond du Lac County,102315,18,100,11,0.5462132907,2.30515372090909
Wisconsin,Green County,36864,1,44,6,0.454585712045455,1.53006311166667
Wisconsin,Iowa County,23620,3,15,3,0.861097895333334,1.86467385666667
Wisconsin,Jefferson County,84652,5,33,4,1.33627965121212,4.6757703775
Wisconsin,Kenosha County,168330,14,145,43,0.561561106413793,0.776231385348837
Wisconsin,La Crosse County,117850,10,223,38,0.253441172331839,0.670931541315789
Wisconsin,Marathon County,135264,1,135,31,0.521993515111111,1.04055404709677
Wisconsin,Milwaukee County,954209,290,1399,374,0.306972189835597,0.487038974385027
Wisconsin,Outagamie County,184754,4,180,52,0.498130124388889,0.720668030961538
Wisconsin,Ozaukee County,88284,20,148,42,0.33094803195946,0.548997887380953
Wisconsin,Racine County,195398,7,195,33,0.51374189025641,1.31723216363636
Wisconsin,Rock County,161769,4,84,16,0.975053329880952,2.267288768125
Wisconsin,Sauk County,63596,6,72,10,0.469077228055556,1.560944958
Wisconsin,Sheboygan County,115205,7,68,13,0.897467338676471,2.15544776692308
Wisconsin,St. Croix County,87917,4,45,3,0.947396610444445,5.53396084333334
Wisconsin,Walworth County,103013,5,41,14,1.28807041707317,1.67971235
Wisconsin,Washington County,134535,21,62,12,1.16828861032258,2.69830301333333
Wisconsin,Waukesha County,398879,42,300,74,0.7271144858,1.34798046297297
Wisconsin,Winnebago County,169926,5,177,34,0.476324167514124,1.10061065735294
Wisconsin,Wood County,73274,1,188,28,0.217693320106383,0.725904850714286
Wyoming,Campbell County,47708,1,16,11,1.254358603125,0.562880213636364
Wyoming,Fremont County,40076,14,66,6,0.313341196363636,1.54423350666667
Wyoming,Laramie County,97692,12,120,15,0.396567216916667,1.37923626466667
Wyoming,Natrona County,80610,6,208,14,0.185094844951923,1.16048444642857
Wyoming,Park County,29121,1,36,5,0.4721034225,1.673839358
Wyoming,Sweetwater County,44117,1,62,6,0.312669324354839,1.148135315
Wyoming,Teton County,23059,6,30,6,0.380882260333333,0.715545365
